{
  "lastModified": "2025-12-19T10:47:20.165Z",
  "files": [
    {
      "shortPath": "l0/README.md",
      "versionRef": "4df0d644f89ee1a14cec9a4e007e8e6126be18eb",
      "Length": 14,
      "update_at": "2025-12-01T17:09:05.000Z"
    },
    {
      "shortPath": "l2/agents/agentCreateWidget.defs.ts",
      "versionRef": "2a4e2f4e979fd59cdefee9d7934bd7bce4128941",
      "Length": 97,
      "update_at": "2025-12-18T17:17:57.000Z"
    },
    {
      "shortPath": "l2/agents/agentCreateWidget.html",
      "versionRef": "6b8999589a157debf5d86afbceb97e2e91ca38d2",
      "Length": 3300,
      "update_at": "2025-12-18T17:17:57.000Z"
    },
    {
      "shortPath": "l2/agents/agentCreateWidget.less",
      "versionRef": "b2774fef419146e9beab787597d010e35930f16f",
      "Length": 169,
      "update_at": "2025-12-18T17:17:58.000Z"
    },
    {
      "shortPath": "l2/agents/agentCreateWidget.test.ts",
      "versionRef": "beabdd9c702f4032392108e3425908ea553e51a9",
      "Length": 271,
      "update_at": "2025-12-18T17:17:59.000Z"
    },
    {
      "shortPath": "l2/agents/agentCreateWidget.ts",
      "versionRef": "976aee9ea7a7e47aa93d76141405ff65eaa94bf0",
      "Length": 8802,
      "update_at": "2025-12-19T10:46:39.000Z"
    },
    {
      "shortPath": "l2/agents/agentCreateWidget2.defs.ts",
      "versionRef": "5d45ffdec5ef91bbe37f512f2062752b06f509d0",
      "Length": 98,
      "update_at": "2025-12-18T17:18:00.000Z"
    },
    {
      "shortPath": "l2/agents/agentCreateWidget2.html",
      "versionRef": "8bac5601435585620996f1f091e262b486c88a9c",
      "Length": 14234,
      "update_at": "2025-12-19T10:46:40.000Z"
    },
    {
      "shortPath": "l2/agents/agentCreateWidget2.less",
      "versionRef": "a454bfea7e134d138aa32d60180b7edfb73c1349",
      "Length": 171,
      "update_at": "2025-12-18T17:18:02.000Z"
    },
    {
      "shortPath": "l2/agents/agentCreateWidget2.test.ts",
      "versionRef": "305f963e01ac26a1f7eb32febdda64d3f5c5ed13",
      "Length": 272,
      "update_at": "2025-12-18T17:18:03.000Z"
    },
    {
      "shortPath": "l2/agents/agentCreateWidget2.ts",
      "versionRef": "8bacbb8faa31f206d7c01fc3cc0c997261afe9e6",
      "Length": 7488,
      "update_at": "2025-12-19T10:46:41.000Z"
    },
    {
      "shortPath": "l2/agents/agentCreateWidget3.defs.ts",
      "versionRef": "efaa9f324c0d1f543c620aec75d7b7db2892c92a",
      "Length": 98,
      "update_at": "2025-12-18T17:18:04.000Z"
    },
    {
      "shortPath": "l2/agents/agentCreateWidget3.html",
      "versionRef": "032c0a947902eeee529684647df428518961972f",
      "Length": 7728,
      "update_at": "2025-12-18T17:18:05.000Z"
    },
    {
      "shortPath": "l2/agents/agentCreateWidget3.less",
      "versionRef": "c6ace107faa253b15fd81349e42a25fde245f8ea",
      "Length": 171,
      "update_at": "2025-12-18T17:18:06.000Z"
    },
    {
      "shortPath": "l2/agents/agentCreateWidget3.test.ts",
      "versionRef": "7d57b3b3da5789a2fb2ab18225755f84cdea4c9b",
      "Length": 272,
      "update_at": "2025-12-18T17:18:06.000Z"
    },
    {
      "shortPath": "l2/agents/agentCreateWidget3.ts",
      "versionRef": "51efd840e1e8cf91c2490a305e2a5b8e05850889",
      "Length": 10543,
      "update_at": "2025-12-19T10:46:43.000Z"
    },
    {
      "shortPath": "l2/designSystem.defs.ts",
      "versionRef": "2616d5e7ce23bb9844def63285b725d4d50bf101",
      "Length": 86,
      "update_at": "2025-12-01T17:09:26.000Z"
    },
    {
      "shortPath": "l2/designSystem.html",
      "versionRef": "407e94c1cf19a0a3117d9d391bd2a1dcb58b4471",
      "Length": 21,
      "update_at": "2025-12-01T17:09:27.000Z"
    },
    {
      "shortPath": "l2/designSystem.less",
      "versionRef": "01d8d6278452c39f7e0d63166c5e29443dd59017",
      "Length": 144,
      "update_at": "2025-12-01T17:09:27.000Z"
    },
    {
      "shortPath": "l2/designSystem.test.ts",
      "versionRef": "9ca19ff41c7c241c44334b6e8bf23b956efd24f2",
      "Length": 254,
      "update_at": "2025-12-01T17:09:28.000Z"
    },
    {
      "shortPath": "l2/designSystem.ts",
      "versionRef": "741e5825367baeb295c008d5fbf1f21ac03366c8",
      "Length": 16181,
      "update_at": "2025-12-12T19:17:18.000Z"
    },
    {
      "shortPath": "l2/molecules/inputnumber/index.defs.ts",
      "versionRef": "700a28b8883e82eb4d8cf087ddf142e225d37f2e",
      "Length": 100,
      "update_at": "2025-12-18T17:17:53.000Z"
    },
    {
      "shortPath": "l2/molecules/inputnumber/index.html",
      "versionRef": "fdad391fa04bc908fe2966d8857d4bafe9097e85",
      "Length": 14,
      "update_at": "2025-12-18T17:17:54.000Z"
    },
    {
      "shortPath": "l2/molecules/inputnumber/index.less",
      "versionRef": "1caa9648033fcd4c7474b189ea751f3462e2f2aa",
      "Length": 174,
      "update_at": "2025-12-18T17:17:54.000Z"
    },
    {
      "shortPath": "l2/molecules/inputnumber/index.test.ts",
      "versionRef": "1318adf5432ffcc1077f6a7aae34e20a2384e51e",
      "Length": 274,
      "update_at": "2025-12-18T17:17:55.000Z"
    },
    {
      "shortPath": "l2/molecules/inputnumber/index.ts",
      "versionRef": "736309d3e975b4c8b5f331c6bee8dc60601b446d",
      "Length": 276,
      "update_at": "2025-12-19T10:46:44.000Z"
    },
    {
      "shortPath": "l2/molecules/selectone/index.defs.ts",
      "versionRef": "a85be5c48c8bad2c21bff77927dc934435571f5a",
      "Length": 98,
      "update_at": "2025-12-18T17:17:49.000Z"
    },
    {
      "shortPath": "l2/molecules/selectone/index.html",
      "versionRef": "fdad391fa04bc908fe2966d8857d4bafe9097e85",
      "Length": 14,
      "update_at": "2025-12-18T17:17:50.000Z"
    },
    {
      "shortPath": "l2/molecules/selectone/index.less",
      "versionRef": "516f50f855773b6e19c284a5afba0291f78064dd",
      "Length": 170,
      "update_at": "2025-12-18T17:17:51.000Z"
    },
    {
      "shortPath": "l2/molecules/selectone/index.test.ts",
      "versionRef": "3aa5714ed2213469ab93e2dc76ffcf945a129359",
      "Length": 272,
      "update_at": "2025-12-18T17:17:51.000Z"
    },
    {
      "shortPath": "l2/molecules/selectone/index.ts",
      "versionRef": "b8690cca8c1ea9db00b227065fc596922fba0cd9",
      "Length": 541,
      "update_at": "2025-12-19T10:46:45.000Z"
    },
    {
      "shortPath": "l2/project.defs.ts",
      "versionRef": "8da1fb05d693c1626f570f52fb1fe94e51324767",
      "Length": 81,
      "update_at": "2025-12-01T17:09:30.000Z"
    },
    {
      "shortPath": "l2/project.html",
      "versionRef": "88a90cf32ef33346febb29387541246b1be9a2e0",
      "Length": 16,
      "update_at": "2025-12-01T17:09:31.000Z"
    },
    {
      "shortPath": "l2/project.less",
      "versionRef": "2e305c1945529cb58b6919629f5c8eab3d0dc3b2",
      "Length": 130,
      "update_at": "2025-12-01T17:09:32.000Z"
    },
    {
      "shortPath": "l2/project.test.ts",
      "versionRef": "4461fafe151cf9e2f99ed991f42ac28bcdc4946c",
      "Length": 249,
      "update_at": "2025-12-01T17:09:33.000Z"
    },
    {
      "shortPath": "l2/project.ts",
      "versionRef": "abb42a563e4c61a7059dd5ffbebdf791165e50e9",
      "Length": 331,
      "update_at": "2025-12-01T17:09:33.000Z"
    },
    {
      "shortPath": "l2/widgetClarificationNewWidget.defs.ts",
      "versionRef": "d5d40391c6f8ef2fde6c8a6582f50f1902f0a020",
      "Length": 102,
      "update_at": "2025-12-12T19:17:27.000Z"
    },
    {
      "shortPath": "l2/widgetClarificationNewWidget.html",
      "versionRef": "12ed524188944fe81075c77c3f13dea8a180d2a3",
      "Length": 110,
      "update_at": "2025-12-12T19:17:28.000Z"
    },
    {
      "shortPath": "l2/widgetClarificationNewWidget.less",
      "versionRef": "0338d87205e1fb2e65f289cb19c8ea88b0168b40",
      "Length": 2094,
      "update_at": "2025-12-12T19:17:29.000Z"
    },
    {
      "shortPath": "l2/widgetClarificationNewWidget.test.ts",
      "versionRef": "240ae6fbeea2dbba291144932565a72deffdbc21",
      "Length": 276,
      "update_at": "2025-12-12T19:17:29.000Z"
    },
    {
      "shortPath": "l2/widgetClarificationNewWidget.ts",
      "versionRef": "8a4dd25ae85537c98fded228a61fa0919774d780",
      "Length": 15890,
      "update_at": "2025-12-19T10:46:46.000Z"
    },
    {
      "shortPath": "l2/widgetPlaygroundState.defs.ts",
      "versionRef": "a505a2a857e2fd6212fd5dd3d45df72b34177d48",
      "Length": 95,
      "update_at": "2025-12-15T18:57:37.000Z"
    },
    {
      "shortPath": "l2/widgetPlaygroundState.html",
      "versionRef": "2b274021a72b3d68cc27bc46f8644dfcc23f832e",
      "Length": 30,
      "update_at": "2025-12-15T18:57:38.000Z"
    },
    {
      "shortPath": "l2/widgetPlaygroundState.less",
      "versionRef": "241da0ee08d00edff79494d1e07d2c40b554dbd4",
      "Length": 163,
      "update_at": "2025-12-15T18:57:39.000Z"
    },
    {
      "shortPath": "l2/widgetPlaygroundState.test.ts",
      "versionRef": "84ad1daba26ffe1be54a8b07cf0f982572d6c158",
      "Length": 269,
      "update_at": "2025-12-15T18:57:40.000Z"
    },
    {
      "shortPath": "l2/widgetPlaygroundState.ts",
      "versionRef": "62894a6a77e64a11190cee07a2ea4ace87d8efd1",
      "Length": 972,
      "update_at": "2025-12-15T18:57:40.000Z"
    },
    {
      "shortPath": "l5/project.json",
      "versionRef": "dd83bc42f62f3501e7ace249f2769b1dc75a71c1",
      "Length": 375,
      "update_at": "2025-12-01T17:09:34.000Z"
    },
    {
      "shortPath": "l0/package.json",
      "versionRef": "b4bed58a4353de88ca6e620947d50bcfd919780f",
      "Length": 470,
      "update_at": "2025-12-01T17:09:08.000Z"
    },
    {
      "shortPath": "l0/tsconfig.json",
      "versionRef": "f631a300b5933b05930cd9f4bcd1b72ee38178e4",
      "Length": 1042,
      "update_at": "2025-12-04T19:25:49.000Z"
    }
  ]
}